text,term.freq
cure,0
diseses,1
blood,7
purlfled,1
nml,1
osions,1
healthy,1
sud,1
mi-tural,1
condition,6
usa,58
lias,1
fnr,1
ovrr,1
vphis,1
recogtiuvd,1
pinl-vient,1
medical,6
authorities,3
powerful,4
purifier,1
existence,4
frees,1
system,6
foul,1
humors,1
enriches,1
strengthens,1
removes,1
traces,1
mercurial,1
treatment,4
proves,1
complete,3
master,1
scrofulous,1
diseases,4
england:usa,18
scholar,2
spell,1
sailed,1
wrest,1
letters,8
recite,1
money,14
cable,8
british,33
in-q,1
consider,4
punish,1
vestors,1
monk,1
old,26
preached,1
ment,3
truancy,1
stand,8
crde,2
greater,7
vehemence,1
floor,3
foot,4
wonderfully,1
short,5
deti-utes,1
anco,1
innumerable,2
difficulties,2
backers,1
gazette,1
fired,3
shot,3
direction,5
deceased,1
shepherd-flatv,1
placed,6
wit,1
extensive,3
usa:canada,54
thond,87
killed,5
wounded,6
special,5
correspondent,2
london,8
post,3
secretary,2
lord,4
dtafferin,1
governor-general,1
witnessed,2
battles,1
tel-el-kebir,1
tob,2
tamai,1
severely,1
named,3
news,4
says,7
general,7
hoping,1
surprise,1
"enemy,left",1
abou,1
klea,1
wells,1
saturday,2
afternoon,2
marched,1
entire,4
night,10
sighting,1
river,7
daybreak,1
usa:united,16
states,44
hundreds,23
thonds,113
professional,3
begums,1
chinese,7
beggar,3
asserted,2
yetbren,1
ivtu,1
pacific,7
coast,9
united,34
speaking,2
seeps,1
snro,1
solu-panama,1
scheme,3
inflict,1
injury,2
tion,4
epaoru,1
salts,1
water,8
oul,1
nttural,1
reservoirs,2
deep,2
lect,1
damages,2
courte,1
narrow,2
gorges,1
shine,1
daughter,4
washington,4
live,12
springe,1
saw,5
confidently,1
half,10
dtzan,1
president,6
suez,2
canal,5
travel,4
beggars,1
sast,1
tin,8
onday-school,1
teacÃ¹,1
purpose,3
god,2
qlve,1
different,6
beueee,1
vun,1
mown,1
tried,3
thrust,1
xnake,1
nay,1
defined,1
edge,3
europe,13
bien,1
concocting,1
canada,70
usa:spain,1
conquerors,1
veil,1
armies,2
bet,2
tune,1
dear,1
rej,1
father,2
disorganized,1
present,11
rogue,1
harvest,2
egyptian,2
rogues,1
bloodthirsty,1
dishonest,1
religious,2
enti,1
lasts,1
grasp,1
havj,2
city,15
meritor,1
threo,1
troopi,1
wherewith,1
hold,4
uous,1
blot,1
"tost,r",1
bundl,1
excitable,1
easily,1
war,28
maddened,1
check,3
advicj,1
minister,7
ytt,1
lent,3
troop,2
keep,5
brick,1
windows,3
turbulent,1
abeyance,1
"ht,s",1
door,3
bank,7
send,7
keys,2
offered,5
shelter,2
hii,1
roof,2
accountable,1
safe,4
safety,1
contents,1
y;u,1
england,24
thlrk,1
necessary,1
materials,3
hut,6
mamma,1
shut,1
rase,2
emergency,1
harem,1
guarded,2
monstrous,1
counsel,2
done,17
groes,1
prisoners,2
canada:usa,42
little,19
hot,3
statesmen,1
surprised,2
find,5
course,10
peddle,1
canoe,2
american,13
steamer,1
throwing,1
tow-rent,1
omrirta,1
shoes,2
slippers,2
osltsrs,1
sad,6
wemsn,1
tilt,2
beet,4
overshoes,1
yea's,1
women's,1
children's,3
butters,1
women,26
misses,1
beets,2
kinds,6
mature,1
vary,1
food,6
travelling,1
abroad,3
majesty,3
throat,3
lungs,2
misions,1
sudden,2
fright,1
doee,1
frien,1
object,2
intended,2
ally,1
adopts,1
incognita,1
countess,2
persons,7
die,7
annually,7
eng,1
followed,4
sleep,3
usa:england,15
siblo,1
ministers,1
day,15
hia,2
co-operate,1
thmet,1
pamfui,1
lomplalaw,1
win,2
prevail,1
horee,1
italy,4
alas,2
red,12
rocks,2
crimson,2
pink,4
rolling,3
corniche,1
road,8
rat,1
hole,1
pleut,1
plheÃ¯,1
baying,1
camp,4
longer,3
blasted,1
mer,1
oloude,1
smaller,2
dashes,1
streaks,1
runs,4
reaches,2
ering,1
stone's,2
cellar,2
nnished,1
view,6
carcass,1
canary,2
hand,3
appearing,2
usual,3
feathery,1
clouds,1
level,2
shore,5
grew,7
wall,2
effectual,1
ere,3
busily,1
engaged,3
skinning,1
muddy,1
white,9
color,1
low-lying,1
couth,1
side,7
bar,2
front,5
aloes,1
yellow,2
horned,1
poppy,1
hashes,1
fill,1
plaster,1
mixed,1
bearing,1
crashing,1
bush,3
rooks,1
wss,1
fort,2
right,6
peninsula,2
monaco,1
plants,4
able,2
bear,4
broken,2
glass,3
holes,1
wood,6
"growls,,we",1
looked,3
rum,1
fortress,1
built,6
probab,1
palace,3
rises,1
sternly,1
gloom,1
sand,1
large,17
sea,9
ped,1
nailing,1
orchard,1
cud,1
horrified,1
rears,1
ago,14
possibly,2
tete,1
chien,1
tly,1
square,5
outline,1
torn,2
room,3
garden,3
grizzly,1
bears,2
female,1
cube,1
company,12
wilt,1
apply,3
espion,1
parliament,5
enable,1
extend,4
operation,2
head,5
quinze,4
rapid,1
vttawa,1
purcha*eor,1
construct,4
operate,3
hie*mboata,1
togs,1
acquire,2
wharves,1
piers,2
collect,1
wlogs,1
enquire,1
booms,1
ottawa,23
chandlers,1
falls,2
telegraph,2
telephone,2
lines,6
nnd,2
increase,5
capital,5
stock,8
issue,3
debentures,1
amount,6
exceed,1
dollars,26
debutante,1
lugger,1
cats,1
comrades,2
getting,2
paid,7
killing,3
fellow,1
manners,1
methods,3
perseribed,1
sort,2
amusement,1
aimy,1
regulations,2
vi-dalla,1
court,5
house,14
settlement,1
immediately,1
opposite,3
matches,1
mississippi,1
morning,8
dressed,4
duty,5
sunrise,2
wondering,3
stretch,2
break,1
journal,1
indulging,1
habit,1
prevalent,2
slandering,1
canadians,10
misrepresenting,1
bishop,4
latteche,1
hivers,1
shaking,1
favor,5
annexation,4
nited,1
remain,5
stigma,1
disgraceful,1
acction,2
plain,3
terms,1
repudiated,1
expression,1
harboring,1
tiuient,1
astoan,1
especially,4
injurious,2
assertion,1
french-canadians,1
ready,4
aid,2
destruction,1
canadian,47
confederation,3
protest,2
imputation,1
country,30
disloyal,1
mother,4
totally,1
unworthy,1
proverbial,1
loyalty,1
french,15
manly,1
silence,2
traducers,1
probably,7
recommence,1
calumnies,1
physician,1
walking,1
friend,3
fttn,1
ip*i,1
council,1
voted,1
francs,1
avoid,2
pretty,4
woman,5
expenses,1
knows,3
cady,1
represent,2
oaete,1
looks,1
indignation,1
tfie,1
tended,4
understand,1
illinoft,1
press,1
association,2
misfortune,1
dispatch,3
wbxed,1
strong,5
build,2
remark,2
slipped,1
ont,7
oon,1
chicago,5
feature,4
trary,1
doctor,6
saved,2
lecture,3
seat,2
guest,1
inn,2
exclaimed,1
clubs,2
landlord,2
worse,2
list,3
orleans,2
devoted,5
study,2
yearl,1
impossible,1
sir,7
political,7
economy,2
tbe,5
oignon,1
reply,2
southern,3
cities,7
busy,2
studying,1
sub,2
witness,3
pre,4
ject,1
fitting,1
duties,3
rise,1
statement,3
afraid,1
citizenship,1
north,13
northwest,1
telling,2
untruth,1
promptly,4
isquiry,1
sanity,1
york,10
property,3
witnesses,2
adcj,1
brooklyn,2
listened,2
bun,4
weie,1
called,6
prove,3
unfit,1
lectures,1
subject,3
mansge,1
affairs,6
curious,1
slip,2
school-master,1
nex,1
formed,4
opinion,8
state,6
Ã¢ffeotone,1
village,7
custom,4
continu,1
mind,3
allegeo,1
lunatic,1
gue,1
economical,4
states:usa,11
legislative,2
body,4
represented,2
receive,3
pay,4
services,3
congress,4
lowed,1
usa::and,1
windsor,2
lived,3
statements,1
sont,1
broadcast,1
sentiment,1
existed,4
party,5
differences,1
denied,2
wizard,1
promoting,2
opponent,1
public,8
welfare,1
common,4
test,4
constituency,1
union,3
regard,4
prin,1
favorable,3
hear,6
pie,4
connection,3
principle,2
wee,3
charged,2
col,2
controls,1
warn,4
annexationist,1
quee,1
white's,1
assurance,1
"ht,s",1
dwarf,1
utter,1
insignificance,1
views,2
relations,3
ventured,1
assert,1
position,7
changed,2
politi-citizeni,1
greatest,10
empire,9
known,24
independence,1
patter-civilisation,1
commanded,2
marked,3
share,2
sae,1
sweet,2
meek,1
wet,2
filioupnemm,1
ick,1
headache,4
rittge,1
fact,10
faune,1
holmes,1
losing,2
lost,6
quitting,1
chosen,2
refuse,3
assist,1
certain,7
ance,1
solicitor,1
preparing,1
vour,1
musgrave,3
lieen,1
doing,2
fence,2
suppose,1
browning,1
possession,1
undoubted,2
proceedings,1
remained,2
nwstery,1
proof,4
rented,1
mistaken,1
mount,1
street,5
taken,10
apartments,2
happen,1
pounds,12
gave,2
hyde,1
park,5
story,4
look,10
rooms,3
recognie,1
ould,1
protect,5
engineer,2
secure,5
railroad,3
passage,3
aurons,1
kng-hull,1
channel,3
moans,1
bridge,8
tunnel,4
double,1
device,1
alleged,1
advantages,2
secured,4
meet,7
opposition,3
number,13
leading,9
military,6
authorit,1
question,4
transit,1
acting,1
a*i,1
vice,1
declined,1
liecauae,1
believed,3
knglisli,1
end,18
holding,1
command,1
passageway,1
quickly,6
pour,10
ujh.ii,1
thou-hands,1
fngland,1
vadlng,1
capturing,1
island,8
exnosing,1
thenmlves,1
risk,1
meeting,4
english,13
vessels,1
coming,3
source,2
project,1
hridgv,1
eeii,1
advanced,4
take,15
cost,12
construction,1
times,10
painting,1
preliably,1
larger,3
maintaining,1
iimler,1
tl\e,1
conditions,6
continued,2
teriii,1
usefulness,1
lie,3
bettered,1
guns,5
armor-clad,1
vessel,1
knglish,1
structure,2
captured,1
canada:united,5
germany,16
stands,3
compared,2
britain,12
deaths,3
accidents,1
railways,3
cars,3
steamboats,1
vehicles,2
numbered,1
fifty-four,1
preparation,2
pierce,1
favorite,1
witn,1
popular,4
approval,1
distance,1
scription,1
want,5
nasal,1
lialm,1
acknowledged,1
iwinc,1
world,17
famed,1
remedy,4
cold,4
doubt,4
catarrh,2
medicine,2
womanhood,1
affords,1
striking,2
instance,2
bridged,1
peril,1
wrong,3
ous,1
casings,1
servant,1
drank,1
singula,1
incident,1
arising,1
deeply,2
slept,1
perambu,1
oent,1
evere,1
weather,3
reported,3
lated,1
untimely,1
hours,2
rom,1
rsetshire,1
birds,3
tine,1
rambling,1
locally,1
fieldfares,1
quests,1
neyh,1
perils,1
waters,2
kurils,1
angry,1
tears,1
t-mlbss,1
life,11
comparatively,1
arrivals,2
attracted,1
bettor,1
expectations,1
highly,1
work,29
con,6
"r,,l,s",1
nection,1
fair,5
lud,1
maining,1
resi,1
wool,4
dents,1
thousands,47
nien,1
beans,1
families,6
declared,1
"qrt,el",1
pork,1
starving,2
bad,2
stay,1
hides,1
lbs,3
poorest,1
"b,t",1
accounts,1
newspa,1
chickens,1
nvr.n,1
plo,1
bro-iii,1
lew,1
cent,11
upwards,4
probable,2
legitimate,3
conservative,3
wild,1
cat,1
gambling,1
kantksi,1
ileal,1
estate,1
ivoans,1
fields,8
columbia,4
washing,2
ton,4
missouri,3
write,9
stating,2
class,5
inyost-ments,1
preferred,2
representing,2
west,13
kootenay,1
silver,1
columbia*american,1
western,11
consolidated,1
development,1
mining,4
companies,2
b.o,1
mar,1
bio,1
cave,3
address,4
"lynch,offices",1
spokane,1
wash,1
toronto,6
montreal,8
towns,4
pen,1
pilgrims,1
surrounded,2
tomb,2
patriarchs,1
bared,1
heads,1
crowd,1
vil,1
rear,1
noticed,3
relimits,1
error,1
widely,1
lagers,1
slow,3
process,2
photographing,1
spread,3
represents,2
japan,6
having,7
entered,4
arrival,2
thronged,1
vogue,2
ricans,1
movement,4
kuropean,1
civilization,2
pham,1
huston,1
llieulogic.il,1
accustomed,1
instantaneous,1
need,9
read,3
school,6
mounted,4
spoke,2
nervous,2
lone,3
exposure,1
perceive,1
animus,1
inspired,1
sentences,1
impressive,1
manner,3
plate,3
required,4
article,4
seen,7
tne,1
sink,1
photographer,1
took,5
trials,1
wore,2
joct,1
discredit,1
group,4
journeyed,1
satisfactory,2
result,9
obtained,3
protestant,2
missionaries,2
feel,2
inspiration,1
operating,5
int,2
hat,3
arose,1
spot,3
photographed,1
day's,16
england::it,1
baker,3
englishman,2
qualified,1
speak,3
egypt,5
gain,2
immensely,1
settled,4
occupation,1
permanent,3
asserts,1
compelled,1
name,7
evacuate,1
earlier,4
years,51
soudan,1
reconquered,1
developed,6
wonderful,1
resources,4
interior,2
obtain,1
cotton,2
wheat,3
regions,2
nile,2
tributaries,1
abyssinia,1
controlled,1
series,3
weirs,1
gateexhat,1
raise,3
thelevel,1
bury,1
cataracts,1
means,5
irrigation,3
waterless,1
unproductive,3
deserts,1
vast,4
surplus,2
annual,4
hoods,1
whieh,1
recklessly,1
waste,3
silting,1
shores,5
mediterranean,3
storage,1
powers,1
lower,3
prophecy,1
implies,1
wonoemd,1
progress,2
eiders,1
developments,1
past,13
dark,6
continent,5
fulfilment,1
improbable,1
taring,1
remarks,2
regarding,1
ber,2
peuple,1
county,10
relative,1
division,3
aud,5
anew,1
election,2
held.-carried,1
situation,5
deemed,1
servative,2
rank,3
sÂ«e,1
apologize,1
chairman,2
came,10
worker,1
candidate,1
given,5
support,2
mercier,4
unanimous,1
today,6
cer-bomething,1
speaker,2
felt,3
assured,1
deal,3
talnly,1
afu,1
email,1
held,7
shawville,2
co-operation,2
sacrifice,3
principles,1
lhat,1
wbat,1
liberal,2
friends,3
lick,1
grit,1
adversariea,1
explained,2
ridding,1
bring,5
electors,2
period,7
theboodlere,1
months,11
receiving,2
particular,2
merit,2
power,11
"candidate,in",1
telegrame,1
parta,1
possessed,1
crisis,2
oui,1
history,8
underfront,1
parties,2
reached,4
millions,11
standard-bearer,1
peo,3
roads,8
debt,1
peddle,1
propie,1
meant,1
realized,3
honest,4
gov,1
"around,france",1
important,5
ernment,1
return,5
band,1
ceived,1
lhsn,1
lhree,1
scoundrels,1
thieves,1
charge,7
forget,4
rule,2
onght,1
unite,1
province,11
whit,1
"done,but",1
enduring,1
mon,3
"d,reet",1
taxation,1
tand,1
pontiac,4
ument,1
rendered,1
exist,3
closed,1
mines,6
tax,2
elect,1
representative,2
vote,1
mercierism,1
bryson,1
cal,3
meea*e,1
vor,1
hones,1
government,18
willing,2
allow,1
umet,1
worlh,1
proposed,3
deny,1
fit#county,1
conserva,1
humbugged,1
sectional,1
appeals,2
poupore,1
"folly.,k",1
folly,1
mftn,1
defded,1
"h,m",1
thy,1
owing,4
believe,2
elector,1
give,11
ele,1
tore,1
considered,2
bort,1
robblngjuid,1
japan:japan,1
ancient,3
copper,1
mine,2
worked,1
reopened,1
musashi,1
ese,2
manuscripts,1
authenticity,1
mention,1
galleries,1
levels,1
esses,1
ktss:r,1
hand-clasp,1
england:france,1
fyle,1
testimonials,1
customers,3
scotland,6
oermay,1
countries,8
soap,2
use,16
ears,2
teraof,1
staa,1
ris,1
at-the,1
cheese,2
trade,13
aummin,1
tid,1
euch,1
preten.ions,1
usa::give,1
enjoyments,1
sake,1
invalid,1
voluntarily,1
sacrifiÃ©,1
matter,3
lauraine,1
etwynde,1
experienced,2
courier,1
set,7
travail,1
ing,5
easy,3
stages,5
arrived,4
warm,1
evening,3
quaint,2
erie-bach,1
belt,1
scholars,1
cco,1
users,2
non-smokers,1
highest,4
grade,1
exceptionally,3
brilliant,2
atudunti,1
compare,1
average,5
thou,2
refrain,1
tobacco,2
shows,2
surgical,1
reporter,1
fass,1
rasas,1
nrjs,1
offence,1
unpremediated,1
esui,1
attacks,1
land,12
sen,1
p/oduotion,1
gold,6
russia,5
trivial,1
soldier,4
halifax,6
output,2
great-frequently,1
deserters,1
sound,1
srar,1
heard,3
dayan,1
increased,8
improvement,3
teehnl-usually,1
riddance,1
convpdes,1
arms,2
manoeuvred,1
appliances,1
production,3
pre-whoso,1
record,7
spoiled,1
forts,1
entrandb,1
cious,1
metal,2
total,7
evitable,1
black,5
sheep,3
harbor,1
warships,1
puds,1
charitable,1
organizations,1
connor,1
o'dea,1
connected,1
meut,2
college,4
knew,7
organization,3
dealing,4
experts,2
penmanship,1
met,3
scores,2
cases,3
attribute,2
success,5
business,11
fire,6
admit,2
proficiency,1
attained,2
respect,2
incandescent,1
lampe,1
stage,2
directors,4
governor,1
powell,1
referring,2
grave,2
irregularities,1
late,4
cashier,1
sum,2
aside,1
bank's,1
losses,5
unonrs,1
advance,1
lpntim,1
february,3
ene,1
hund.rd,1
exports,3
nindv.tivp,1
hour,3
dock,2
imports,2
fowilot)iu,1
domicile,1
lab,1
tiibbom,1
ier,2
coasting,1
tonnage,1
hix,1
lifetime,1
township,2
onslow,1
inland,3
quebec,7
m.r-touuage,1
railway,10
v)isnt,1
exposed,2
sold,4
alex-mileage,1
rndei,1
m*ka,1
undersigned,2
notary,1
foi,2
passengers,1
carried,7
residing,1
ofshaw-per,1
freight,3
rallie,1
wile,1
aaid,2
proceeding,1
percent,2
circulation,1
grown,4
inventory,1
elwa-d,1
jk.*r,1
gibbons,1
moveables,1
moveable,1
ettbets,1
wto,1
k-jk,1
cards,1
passing,1
mails,1
in-trade,1
goods,6
merchandises,1
anl,1
imtnoveahh,1
augmented,2
landed,3
properties,1
enten,1
i:i\.-nt.Â»ry,1
duly,1
Ã©ÃªÃª,1
senee,1
alwnre,1
interested,4
dulv,1
foreman,1
roches,1
ter,4
gas,7
electric,2
light,2
headquarters,1
thursday,4
received,7
v-eu,1
incorpore,1
volte,1
electricity,1
usa::i,1
bigger,1
acres,9
selling,1
space,1
employees,3
thpt,1
town,14
merchandise,2
goes,3
sells,1
groceries,1
dry,1
bicycles,1
furniture,3
housefurnishings,1
easier,1
isn't,1
buy,4
biggest,1
markets,2
sell,2
closest,1
margins,1
aggregating,1
small,7
villages,2
appreciate,2
beat,2
tier,1
wneu,1
sucx-ee,1
ied,1
reachinv,1
thp,1
n*:crh,1
breeders,2
ocean,4
reach,4
erotio,1
erratic,1
gen,1
finished,2
began,6
eluding,1
outer,1
cell,1
bourhood,1
hum,1
reemit,1
true,5
fifteen,3
cents,2
dozen,2
barred,1
occasion,2
uors,1
securely,1
padlocking,1
littledale,1
aband,1
causallanlic,1
energy,3
undertook,1
seldom,2
occurrence,1
advice,3
poe,1
bal,1
remov,1
marcft,1
clock,2
fore,2
dilemma,1
ditifi,1
nations,8
cult,1
ambitious,2
self,2
respecting,1
value,4
eff,1
nation,3
call,10
halt,1
lead,3
responsibilities,2
yield,1
standing,3
hewer,1
plenitude,1
comfort,1
uneasy,1
lies,2
drawer,1
rest,3
wears,1
crown,1
elegiblo,1
ploy,1
appear,1
quite,4
absurd,1
helped,4
ordained,1
order,10
irrational,1
things,6
kingdoms,2
civilized,1
cultivated,1
gods,1
consent,1
plough,1
dig,2
alike,1
force,7
dirty,1
exchange,1
begun,1
arm,1
victory,3
practice,2
truth,1
industry,4
frugality,1
ufaciuring,1
naturally,1
avail,2
ire,4
participated,1
quack,1
nostrums,1
cone,1
early,7
manufacturing,3
ear,5
league,1
enemies,1
eer,1
woollens,1
justification,1
fear,1
shadow,2
cottons,1
simi,1
quake,1
multiplied,1
responsibility,1
lar,1
advent,1
seek,1
national,9
policy,3
yorkshire,1
sooh,1
manchester,1
feeble,1
hearted,1
guider,1
tonto,1
sept,2
louder,2
moaned,1
cattle,2
replies,1
voice,1
fine,5
earthly,1
euotsniptibie,1
hypocrisy,1
cnim,1
therefrom,1
japan:usa,4
govern,1
tains,2
teas,2
cadogan,1
salute,1
lit,1
klondyke,1
annex,1
guarantees,1
battery,1
artillery,2
station-will,1
constructed,3
entirely,5
rights,2
phoenix,1
territory,4
case,3
tone,1
staff,2
length,2
friendly,1
ibe,1
lieutenant,1
joined,1
prothond,1
dollar,3
tuesday,3
fought,1
bia,1
guard,3
honor,2
waa,2
furnished,3
spain:usa,3
behalf,2
peace,2
laid,5
ameri,1
cabinet,3
therer,1
upim,1
full,2
diacion,1
czar,1
rias,1
count,3
muravieff,1
imported,3
orth,1
oisif,1
grieves,4
covered,10
bait,1
landscape,1
gardeners,1
ceased,1
flow,2
taw,1
died,3
sight,2
hospital,5
lockjvw,1
shoit,1
cleft,1
illness,1
buggy,3
yards,1
week,16
originally,1
comp,1
misstep,1
struck,2
miracle,1
leg,2
juat,1
knee,1
today,14
steel,1
step,3
considerable,3
cut,5
inflicted,1
desperate,1
poor,4
caused,3
change,3
thinking,1
face,5
trunk,2
rested,1
basswood,1
tree,1
painful,1
wheel,1
are'the,1
remains,3
pedalled,1
basin,1
stone,3
steps,1
complained,2
feeling,1
soreness,1
founder,2
decided,6
symp,1
relics,1
ptoma,1
lockjaw,2
enjoy,3
ssible,1
comfortable,1
entrance,1
causa,1
sense,2
loss,2
steal,1
hearts,3
place,14
dirt,2
entering,3
gone,7
loved,1
ax-the,1
sociations,1
citizen,1
blue,1
canvas,1
apricot,1
silk,1
emperor,1
bodice,1
trimmed,1
extension,1
flowers,4
iv/s,1
kuniah,1
bagdad,1
abqut,1
tower,2
chimed,1
half-past,1
sas-it,1
sora,1
persian,1
gulf,1
slight,1
assistance,3
indian,5
pet,2
attendant,1
carriage,1
enterprising,1
monarch,1
accompanied,2
move,2
un-fiatienberg,1
dowager,1
dertakes,1
southampton,1
attendance,1
entente,1
cordiale,1
lately,1
sealed,1
hen,2
spain,3
jterfeoily,1
capsule,1
hostilities,1
maine,1
operated,2
regular,5
officers,4
crew,1
expense,2
month,7
sick,7
soldiers,9
usa:germany,2
literally,2
straw,2
making,9
blankets,1
panniers,1
boxes,2
kni,1
knacks,1
hats,1
bonnet,1
schools,1
hern,1
founded,3
taught,5
varieties,2
honored,1
owning,1
lawson,1
wh.had,1
nicely,1
rounded,1
oratorical,1
lints,1
by-mm,1
monday,5
btxere,1
style,1
cession,1
members,8
usa::in,2
temiscamingue,1
nipiesing,1
algoma,2
districts,2
contiguous,1
fighting,3
boy,4
anxious,1
adjacent,1
georgian,1
bay,5
route,4
mure,1
splendid,2
effect,3
rebels,1
cape,2
colony,2
cultural,1
lands,3
valley,2
contains,1
superficial,1
area,12
boer,1
papers,3
combined,1
picture,4
immeasurably,1
superior,3
thorn,4
hero,2
sent,8
ness,2
variety,2
resousces,1
elections,2
oyer,1
proportion,2
tyrwhitt,1
health,8
cultivable,1
fertile,2
excellently,1
second,4
contingent,1
watered,1
situated,2
wonder,2
boys,1
occurence,1
minerals,3
timber,1
loon,1
iii,1
earnestly,1
persuade,1
joint,1
interbut,1
refl,1
children,11
sleeping,1
"j,liin",1
field,2
viewed,1
obstructed,1
assembly,3
chamber,1
cortege,1
intervening,1
barn,2
tire,1
gained,1
basilica,1
wealth,1
floral,2
mathosoii,1
block,1
safest,2
best-known,1
working,5
ore,1
bodies,1
opened,3
machinery,1
buildings,9
costing,1
fully,3
liab,1
lities,1
kind,11
dividends,1
hort,1
european,4
capitalists,1
direct,3
believing,1
saving,1
account,1
limited,5
xmas,1
photos,1
ipleasc,1
interesting,5
books,1
inventor,1
help,7
swindled,2
rough,5
sketch,2
model,3
invention,5
free,12
patentable,2
rejected,2
applications,3
successfully,2
prosecuted,2
conduct,2
equipped,2
offices,10
qualifies,1
patents,2
broad,3
references,1
following,5
casons,1
cured,2
hall's,1
usa::thond,1
professor,5
robertson,2
precaution,1
endorsed,1
prevent,3
express,8
juÂ»t,1
tragedy,1
occurred,4
yeater,1
concerning,3
day-authorized,1
inion,1
mentioned,1
prospectus,1
ltry,1
expensive,2
scale,1
economically,2
interests,2
producers,1
poultry,7
recommend,2
farmer's,6
invest,1
usa:usa,7
aomen,1
book,3
inrent,1
lei,1
sppllcations,1
ashington,1
thisqualifies,1
ship,5
cin.e,1
port,5
d.y,1
thhn,1
nineteen,2
jwaways,1
municipality,3
clarendon,3
unrd,1
hoexp,1
advertise,1
notice,4
"given,that",1
eighth,1
induced,1
atta,1
paa,1
vight,1
hud,3
suffice,1
agriculture,6
houses,3
parks,1
schooling,1
signature,2
fondeiiniam,1
flftys,1
globe's,1
popula-words,1
enclosed,1
density,1
going,5
inspect,1
agod,1
dairy,1
clinging,1
places,11
east,3
amherst,1
gate,1
flta,1
centre,3
attraction,1
tics,1
amply,1
teres,1
kod,1
lull,1
airth-rutc,1
fur,3
curiosity,1
ther,1
ground,3
supposing,1
care,4
feed,2
budge,1
cows,2
prepare,1
product,1
birth-rate,2
market,6
nearly,7
ideal,4
sunk,1
low,2
possible,5
est,3
recorded,1
herds,2
living,10
medi,1
viz,1
visit,2
aug,1
works,2
department,8
ordered,3
lanterns,2
pans,1
various,6
parts,9
expected,4
shortly,2
viitoinmiiicuii,1
gneu,1
onion,1
irant,1
bristol,3
flying,2
beckett,1
lanpy,1
i'rove,1
recommendations,1
liverpool,2
gasometer,1
high,7
praise,2
mothers,4
physicians,1
testi,1
ih(j,1
holds,2
france:usa,2
carefully,2
untl,1
c]ay,1
pipc,1
crowded,1
iarg,1
cxt,1
gaarket,1
walked,2
thjs,1
lyons,1
married,1
elbowed,1
departments,2
chestnut,1
nf-down,1
ide,1
match,3
fords,1
homo,2
gtaud,1
counter,1
walk,2
chestnuts,1
introduced,3
saying,2
word,3
sizes,1
distinctive,1
commons,3
hon,3
mellor,2
member,3
lor,2
erby,1
hire,1
presented,2
petition,1
besting,1
protesting,1
attempt,1
tamper,1
a'utory,1
declaration,1
throne,1
peii-ti,1
colonies,1
zealand,6
indies,4
jerusalem,2
ontinent,1
iieland,1
wales,4
baga,1
johnston,1
returned,5
facts,1
african,2
lake,4
russia:usa,3
patron,1
saint,1
doddfs,1
kidney,4
pills,8
confined,2
lono,1
chnrtrand,1
dress,3
monks,1
d/)no,1
agent,1
voices,3
bottle,1
minard's,1
liniment,4
australians,1
zealanders,1
shipped,7
frozen,4
meat,5
exported,1
motherland,1
contribution,2
evidence,2
conclude,1
asleep,1
australasia,1
disadvantages,1
voyage,2
droughts,1
render,1
pastures,1
worthless,1
stripped,1
similar,4
prevailing,1
cutsell,1
tunes,2
worst,2
ignorant,1
cim,1
germany:usa,3
avenues,1
reformed,1
religion,1
cs-from,1
buckingham,1
beaten,1
purely,2
tablislied,1
law,4
gardens,2
inexcble,1
ignorance,1
testimony,2
competent,1
show,5
swamping,1
inflow,1
foreigners,1
pauperism,1
expand,1
dreadful,2
extent,6
driven,3
tofhhihflhi,1
earning,1
hood,1
russian,3
polish,3
jews,4
continental,2
undesirables,1
undermining,1
labor,6
introduction,2
appalling,1
sweat,1
systems,2
endeavoring,1
combat,1
immigation,1
monster,1
paying,2
passages,1
classes,2
wish,2
rid,2
debasement,1
glad,1
advantage,2
meted,1
hordes,1
semi,2
civilised,1
turns,1
deaf,1
compatriots,1
ornament,1
assisting,1
native,2
driving,2
aliens,1
morally,1
physically,1
diseased,2
fraternity,1
raised,1
leave,3
stamboul,1
vet,1
beta,1
duck,2
hns,1
cance,1
rope,1
bent,2
pasturage,1
tablishod,1
proven,1
withstand,1
usage,5
violent,1
bec,1
holidays,2
replace,1
cans,1
spending,1
hundreis,1
chief,1
justice,1
isault,1
avert,1
disasters,1
juitue,1
ihowers,1
forth,2
encour,1
loath,1
guinea,1
pigs,1
inoculated,1
aÂ«surance,1
eorne,1
eye,4
ecalp,1
tuberculosis,4
bacilli,1
separated,1
corporations,1
retirin,1
established,3
popula,1
groups,2
markable,1
repletion,1
central,4
roup,1
treated,4
aented,1
destitute,1
begged,1
repeatedly,1
frequency,1
elec,1
ncal,1
currents,1
car,5
ticket,1
hoapi,1
entry,3
affected,3
ouiin,1
res,3
mat,1
pole,1
fastened,1
zilinski,1
tons,11
cliffoid,1
sifton,1
persist,1
oily,1
iron,3
piste,1
thick,1
jfusad,1
intervene,1
urging,1
p&d,1
pad,1
pig,1
hvmm,1
abases,1
current,1
indue,1
jew,1
minds,1
complainants,1
situa,1
tton,1
animals,3
jewish,3
com-lion,1
acute,1
allowed,1
inunity,1
sprite,1
wse,1
forced,2
tempt,1
fce,1
society,4
investigated,1
point,10
superintendent,1
iiomi,1
p'g,1
ftnd,1
learned,3
wealthy,1
giation,1
station,5
examining,2
third,2
knowledge,2
usa:france,9
peculiar,1
responsible,1
barometer,1
dreaded,1
colliery,1
owners,1
danger,2
explosions,1
firedamp,1
greatly,3
tfbcn,1
atmospheric,1
pressure,2
great-the,1
shocking,1
accident,2
etienne,1
lives,7
due,5
twelvemonth,1
warmer,1
suffer,4
trial,2
england:canada,1
crowe,1
ar-has,1
resident,2
iho,1
resfc,1
aul,1
ste,1
tiro,1
paÃ®t,1
il.adod,1
guilty,1
yesterday,2
hotdii,1
lumberman,1
rideau,2
flail,1
vice-re'gal,1
reaidenco,1
magietrate,1
rney,1
stealing,2
mccormick,1
local,4
hotel,1
sundiy,1
it's,1
woman's,1
grieve,1
here's,1
task,3
can-all,1
brother,2
lessen,1
pain,2
parting,1
pass,3
lightning,1
flash,3
brat,1
cheer,1
don't,3
harder,1
population,5
outlook,1
leper,1
lazaretto,1
doubled,1
fioin,1
emigrating,1
completely,2
tins,3
lousiana,1
idea,2
thit,1
locate,1
gentlemen,1
lepers,1
wdl,1
dingoing,1
maintain,1
preient,1
rale,1
visited,5
nipissing,1
patient,1
creole,1
growth,2
worth,8
baie,1
peres,1
points,1
aged,2
bt-ing,1
inquiries,1
eflveted,1
leprosy,1
indications,1
particu'aily,1
korea:usa,2
thev,1
sat,1
outside,3
conversing,1
buream,1
racy,1
trotting,2
ruin,3
races,2
ltiih,1
events,2
lltl,1
t*o,1
pursvt,1
pony,1
race,2
addition,4
athletic,1
altogether,2
sporting,1
program,3
thii,1
arranged,1
tice,1
legal,1
profession,3
largest,13
oldest,7
tinder,1
flag,7
departure,2
ventral,1
doubtless,1
please,2
friday,5
child,2
admitted,1
admission,1
grounds,1
grand,4
performance,1
howick,1
hall,5
ccompany,4
irind,1
report,1
debenture,1
sbawviu,1
uml,1
ond,1
surtees,1
civil,3
provide,2
likewise,2
redemp,1
branch,3
oddest,1
farms,5
farm,10
crop,4
tens,5
snapping,1
turtles,1
massey,1
cony,1
moore,2
merchant,1
agency,1
otter,1
concern,2
succession,1
stark,1
mid,2
sheen,1
fall,4
informed,2
lambs,1
picked,2
totalled,2
flocks,1
vann,1
shaw,3
ville,2
neighixnipxmis,1
tnipineiits,1
caned,1
hiint,1
prices,6
ranged,1
l.oo,1
lot,2
inclusion,1
sapient,1
o!ice,1
llf,1
"cns,n",1
intoxicants,1
tienne,1
skins,1
nvlth,1
machine,2
v.m.c.a,1
diamonds,1
replaced,1
zulre,1
fighters,1
pod,1
slkiuld,1
inns,1
puiv,1
purgatives,1
deed,1
scud,1
pan,1
pluml,1
gal,1
cuba,1
remaining,3
intention,1
promoter,1
ujo,1
schema,1
open,4
despite,2
tlie,2
und,1
attention,2
g.ven,1
denmark,2
hill,4
alive,1
thrived,1
seeds,3
brought,8
promut,1
tlferc,1
rre,1
er-ptents,1
unique,1
observatory,1
dominion,15
ntn,1
relief,7
italian,6
earthquake,1
mufferera,1
contri,1
butions,1
s'ates,1
consolation,2
needy,2
consumptives,4
provision,2
fate,2
homes,7
muskoka,2
eleven,4
odds,2
cared,4
patients,2
disease,4
whilst,2
sister,2
institutions,2
bank's,6
humber,1
commercial,3
undertaking,1
old-young,1
ever-present,1
scenery,2
huge,6
conspicuous,1
countryside,1
young-old,1
frechette's,1
pioneer,1
death,1
mho,1
duelling,1
leagie,1
jttg,1
bome,1
suddenly,1
stops,2
tremendous,3
drive,1
waves,2
unaware,1
discoveries,1
shown,3
illimitable,1
forces,2
unrecognized,1
ail,1
locked,1
bit,2
radium,1
utterly,1
unguessed,1
science,4
granted,1
istence,1
affect,1
surrounding,1
ether,1
difficult,4
physical,2
explanation,1
phenomena,1
attracting,2
enn-f.iuipiives,1
tiv,1
sii,1
u:d,1
tuber-cuioiid,1
wlmfc,1
unip-in,1
gainst,1
v.h;l-fc,1
hanks,1
huml,1
prairie,1
provinces,3
settlers,1
suffering,3
deplorable,1
failure,1
strength,4
knowing,1
victims,3
exhaustion,1
microscope,3
hie,2
hands,3
employed,2
revealed,2
fly,3
carries,1
germs,2
attached,1
hairy,1
continuous,2
pads,1
infection,1
flies,1
cumulated,1
gladness,2
vearago,1
communities,2
sanitarium,4
associa,2
ctimulatbd,1
yearago,1
corner,1
"r,a*f",1
peat,5
systematic,1
officials,3
producing,1
plant,5
gloucester,1
cumberland,1
townships,1
bog,1
close,3
rail,3
torrential,1
moat,1
disastrous,1
floods,1
involving,1
mil,1
ions,1
causing,1
untold,1
distress,2
misery,2
vrgeut,1
measures,1
undertaken,1
terrible,1
middle,4
"hra,#ji",1
happiness,1
depends,1
richness,1
regularity,1
supply,8
irregular,1
suffers,1
headaches,1
backaches,1
kid,1
aches,1
unspeakable,1
expect,1
intervals,1
hopeless,1
escape,3
box,8
critical,1
blaod,1
hein,1
nature,4
demand,3
bleod,1
hesitation,1
incise,1
essential,2
enjoyed,1
bed,2
bleep,1
judicious,1
baby,2
tablets,3
damp,1
valuable,3
tfffc,1
ollection,1
costly,1
ornaments,1
churches,1
specie,1
containing,2
sovereigns,1
portion,1
belonged,1
muon,1
troops,3
untried,1
grandfathers,1
century,4
sale,10
drug,1
store,2
recognized,2
liomes,1
constipÃ¢t,1
ion,2
indigestion,1
biliousness,1
rheumatism,1
liver,1
troubles,2
effective,5
jest,1
reliable,1
devised,1
holiday,1
occasions,1
medicinally,1
powdering,1
i.e,1
regards,2
turkish,2
march,3
n/e,1
require,2
lighter,1
shades,1
grinding,1
calcination,1
south,2
consumption,2
wheit,1
usa::a,1
tonic,1
pious,1
putting,1
tightly,2
stretched,1
wire,1
heavenward,1
hauling,1
proofs,1
dodd's,1
string,1
swinging,1
tail,1
withstood,1
ified,1
courts-mar,1
fears,1
wait,1
storms,1
tossing,1
hills,2
tial,1
hanged,1
submitted,1
transactions,1
england:england,1
bees,1
apiarie,1
hase,1
especial,1
virulent,1
form,4
bubonic,1
plague,1
wrought,2
devastation,3
human,6
beings,1
score,1
dodd,2
single,3
failed,3
kidneys,1
owe,3
tharies,1
blind,1
pool,1
artist,2
victimized,1
operations,1
nabbed,1
pittsburg,1
gauntlet,1
charges,2
cropped,1
zsl,1
lectors,1
reciprocity,2
needs,2
eense,1
conservatives,1
needed,7
repealing,1
muddling,1
restrictive,1
clauses,1
fisher,2
permits,1
packer,1
kenora,1
ontario,7
restriction,1
forbids,1
stkkl,1
lock,1
vni,1
shipping,1
ham,2
clka,1
shinglks,1
prÃ¨s,4
kippawa,2
dans,8
comtÃ©,2
nord-ouest,2
sur,2
riviÃ¨re,3
des,7
dite,3
comteÃ©,2
quÃ©bec,2
rejoindre,2
avec,7
branche,2
chemin,5
fer,4
pacifique,2
adieu,1
kippewa,2
construire,3
operer,1
lignes,1
tÃ©lÃ©graphe,2
tÃ©lÃ©phonÃ©,1
charger,2
leur,2
faire,2
arrange,1
nients,1
d'autres,1
compagnies,2
autres,3
pouvoirs,2
usuels,2
ordinaires,2
que,2
travaux,2
Ãªtre,2
construits,1
soient,1
dÃ©clares,1
l'avantage,1
gÃ©nÃ©,1
ral,1
datÃ©,1
jour,1
septembre,1
kaiser,1
conies,1
holi,1
zobe,1
ruler,1
receives,1
postal,2
communications,1
daily,1
riot,1
private,3
diplomatic,2
despatches,1
closely,2
france:germany,1
commendable,1
articles,2
alum,3
baking,1
follows,1
prohibits,1
safeguard,1
baking-powder,1
ingredients,1
plainly,1
stated,4
label,1
vis,1
par,1
donne,1
application,1
sera,1
fait,1
parlement,1
prochaine,1
session,1
acte,1
incorporer,1
une,3
compagnie,3
nom,1
pouvoir,1
tracer,1
iiipei,1
opÃ©rer,2
ligne,1
d'un,1
canadien,1
ladite,1
ligues,1
arrangements,2
postmaster,1
hitchcock,1
obviated,1
necessity,1
bookkeepers,1
savings,1
opening,5
aixty,1
lancashire,1
weaver,1
quit,1
la#l,1
disagreement,1
employer,1
lockout,1
invokes,1
lose,3
wage,1
weekly,1
riches,1
path,1
kept,4
haldane,1
re-her,1
promise,1
drill,1
gateshead,1
quisite,1
sav,1
ult,1
array,1
organized,2
divisions,1
devil,1
attache,1
how-wish,1
itze.r,1
finer,1
fortune's,1
territorials,1
thc,1
lesson,2
howitzers,1
hur,1
regulars,2
follow,2
cheering,1
spirit,2
anti-militarism,1
fostered,1
socialists,1
disappeared,3
poincaire,1
ministry,1
truly,1
rumored,1
prime,1
relinquishes,1
doubtful,3
wav,1
briand,1
retain,1
l}l,1
betterment,1
reminiscence,1
sojourn,1
b.v,1
borrowing,1
hudson,3
hay,1
tr.ousaud,1
houghton,1
iminber,1
mueadomizing,1
main,2
july,2
hoped,1
ratepayers,1
publisher,1
woodstock,1
condo,1
comparison,1
characters,1
existing,2
statute,1
whitemau,1
illus-luterly,1
inadequate,1
tinted,1
quixotie,1
hou-condition,1
displayed,2
iÂ»u,1
ortant,1
nung,1
temptation,1
guise,1
imminent,1
starvation,2
siiouiii,1
leader,4
matters,2
proved,2
overpower-jh-rtaumug,1
advancement,2
profusely,1
illustrated,4
eham,1
tfiis,1
district,6
rural,1
uiar,1
boon,1
culture,1
isilver,1
foxes,1
berwick,1
armored,1
cruiser,1
stationed,3
chatham,1
naval,3
cadets,1
graduated,1
training,6
fifty-three,1
loads,1
hewn,2
ahadow,1
rmigbh,1
tactic,1
meals,1
prepared,1
ways,1
aqo,1
finding,1
thvir,1
accidentally,1
mound,1
colored,2
patch,2
plowed,1
catch,1
relic,1
digs,1
dowp,1
inches,1
feet,1
uncover,1
circle,1
layer,1
atone,1
marks,1
usually,1
bite,1
charcoal,2
indestructible,1
substances,1
term,1
ormany,1
christmas,3
boast,2
tenths,1
youthful,1
kitcheners,1
robertses,1
supplied,4
lion,2
dolls,1
emigrate,1
fatherland,1
rritieh,1
nurseries,1
kunneberg,1
duchy,1
saxe,1
meiniugen,1
toyshop,1
nro,1
devising,2
toys,4
apirit,1
oherish-od,1
christmas-trees,1
scrooge,1
imagination,1
unfortunately,1
toy-makers,1
sonnebe,1
poorly,1
family,6
sixteen,1
earn,1
be-twn*r,1
exhibition,2
flon-neberg,1
rate,3
biith,1
warts,1
larabie,1
turf,1
career,1
ring,2
phenomenal,1
won,1
detroit,2
rohes,1
breeder,1
horse's,1
accomplishments,1
perl,2
lust,2
adventure,1
itch,1
hard,4
breast,1
britishers,1
ails,1
gallant,1
adventurer,1
objective,1
nuggets,1
rumor,1
centuries,3
throws,1
romantic,2
alluring,1
glamor,1
scarcely,2
fastnesses,1
baffin,1
north-eastern,1
seeker,1
apt,1
munn,1
away,2
disdaining,1
traffic,1
esquimaux,1
peltry,1
aspect,2
deliberate,1
plunge,1
arctics,1
mean,1
defraying,1
expedition,1
furnishes,1
real,3
lure,1
confirm,1
reports,3
specimens,4
glistening,1
panda,1
navi,1
ditions,1
committed,1
alleviate,1
belgium,2
invaded,1
slightest,1
cause,2
archduke,1
austria,2
consort,1
assumes,1
fratricial,1
hor,2
belief,1
teen,2
gium,1
alarm,1
air,15
shipment,1
hip,1
raids,3
horse's,3
germans,2
establish,1
base,2
ostend,2
enormous,5
quantity,1
ani,1
sailor,1
mais,1
trans,3
inforce,1
belgians,1
firing,1
feels,1
repaid,1
strengthening,1
navy,4
clear,2
oceans,1
distant,1
future,3
fleet,3
ships,2
brunswick,1
scotia,2
maritime,1
cheers,1
sharing,1
corps,1
conquers,1
usaia,1
corporation,2
distributing,1
refined,1
oils,2
gasolines,1
lubricating,1
refineries,1
cont,1
brand,1
crossing,2
atlantic,3
rein,1
inf,2
famine,1
translated,1
guage,1
usages,1
issued,1
aroiy,1
autliorivative,1
reference,1
humanitarian,1
considerations,1
uvntly,1
degenerate,1
sentimentality,1
flabby,1
emotion,1
map,2
improved,1
dutch,2
fruntiet,1
kms,1
rhine,2
exploitation,1
belgium's,1
compensation,1
sufferings,1
makings,1
safer,1
holland,3
dutchmen,1
looking,2
clearly,1
attractively,1
price,2
alliance,1
mce,1
memorial,1
service,11
comtuem-the,1
giving,2
demon,1
shock,1
oration,1
fallen,1
heroes,1
bis,2
dations,1
shearing,1
system-naturally,1
delicate,1
paru,1
ahe,1
suecombed,1
laat,1
rev,1
bhawville,1
method,3
recommends,1
pre-laperiod,1
erf,1
enfferinf,1
herridge,1
preacher,1
paring,1
sympathy,2
uniform,3
severed,1
somewhat,4
revolution,1
com,2
mdei,1
particularly,5
circum,1
citizens,3
atten-amch,1
pared,1
stances,1
dance,1
autocratic,1
accept,3
ger,1
really,2
waged,1
resist,1
irrup-nnd,1
social,2
barbarians,2
reserve,2
"ult,rv",1
peoples,1
kusaians,1
sanctity,1
contract,1
nuire,1
husmes,1
puvp,1
boots,1
worn,1
active,1
camps,3
subjected,2
severe,2
hoots,1
travelled,3
smooth,1
waded,1
mud,1
slush,1
description,1
soaked,1
never-ceasing,1
rains,1
abnormally,1
baked,1
stoves,1
grilled,1
steam,2
radiators,1
roasted,1
fires,2
stood,3
manitoba,1
gratifying,1
note,1
canada:canada,3
traverses,2
encounters,1
tropical,1
iretie,1
weathers,1
cuts,1
rugged,1
crosses,1
endless,1
prairies,1
finally,4
glories,1
rockies,1
mountain,1
sides,1
towering,1
peaks,1
canyons,1
tunnels,1
piral,1
rails,1
negotiated,1
necessitating,1
spite,2
passenger,2
train,4
pennsylvania,1
climate,1
fits,1
self-reliance,1
struggle,1
frenchmen,1
esteem,1
abilities,1
tions,1
standard,2
morals,1
passed,4
tak-the,1
conducted,2
prin-businesses,1
husbands,1
c{pal,1
characteristics,1
exmarket,1
treme,1
vindictiveness,1
catholic,1
capacity,2
hating,1
ac-tinue,1
comes,2
cording,1
patent,1
observers,1
hatred,1
eng-have,1
fairs,1
sisters,2
exceeded,1
poorer,1
man's,1
bave,1
factory,2
tenfold,1
criminal,2
judge,2
ren-toul,1
sentenced,1
eighteen,2
imprisonment,2
crack,1
pairs,1
socks,1
conveyance,1
army,10
clothing,2
depot,2
masses,1
munitions,1
adds,1
colossal,1
ransacked,1
calm,1
confidence,1
attic,1
hhe,1
inspector,1
invin,1
tapped,1
grenr,1
barrier,1
dividing,1
distinct,2
areas,3
peopled,1
tract,1
filled,1
counties,1
beautiful,4
lakes,2
camping-ground,1
vehicular,1
worn-out,1
philadelphia,1
numerous,3
lack,2
foresight,1
quantities,1
shortage,1
oal,1
improvident,1
householders,1
dework,1
started,2
dlffl,1
mand,1
coal,3
dealers,1
culties,1
setbacks,1
mpossible,1
ume,1
produced,4
doll,2
fuel,2
unobtainable,1
claimed,1
pro,3
lad,1
purchased,1
duced,1
impie,1
supplies,8
wholesaler,1
consumers,1
excellent,1
manufacturers,3
big,4
laundry,1
flee,1
directions,2
parowax,1
labels,1
frontier,1
vhere,1
wÂ»s,1
tit,1
kates,1
waking,1
letting,1
lhe,1
develon,1
thv,1
sed,1
extensions,1
pawing,1
fase,1
"a,m",1
tar-ment,1
mi.n,1
turkey,3
owner,2
gvt,1
ralher,1
instinctively,1
roamed,1
v.m,1
palestine,1
cairo,1
calculated,2
target,1
usa::we,1
y.m.c.a,1
pilgrimage,1
tribute,1
resting,1
dead,1
brilliant-colored,1
joyous,1
nods,1
wwjwwpilÃ¼iilpibÃ¼,1
wiildispusbea,1
vegetable,1
gardening,3
elastic,1
girls,1
attractive,1
appearance,2
wii,1
hams,1
hesitate,1
beams,1
suffered,3
anaemia,1
gradually,3
previously,1
robust,1
pale,1
mere,3
states:canada,2
operative,1
draftees,2
volunteers,2
enlisted,1
bringing,1
reinforcements,1
colors,1
proportions,1
equally,1
distributed,3
regarded,2
urgent,1
impending,1
tremendously,2
vital,3
conflict,1
located,2
twelve,3
shoe,1
drove,1
bogs,1
covering,2
sagged,1
estimated,5
capable,1
proend,1
broke,1
stormed,1
twenty-eight,1
dried,1
eastern,9
enemy,2
fleeing,2
equal,3
fourteen,1
fordson,1
tractors,2
purchasable,1
ford,1
board,3
orders,9
handled,2
grandpa,1
sloan,2
jqr,1
invasion,3
prison,1
recovered,1
weeks,3
northern,5
neglect,1
productive,1
aus-aren,1
reiffans,1
diminution,1
twenty-flve,1
tro-hungary,1
repre-lentatlve,1
irrangement,2
completed,1
immigration,1
colonization,1
interchange,1
laborers,2
enter-Â»d,1
submarine,1
scored,1
heavily,1
wednesday,1
sank,1
liners,1
nfloat,1
justifia,1
transport,1
returning,2
delivering,1
urchaid,1
trees,2
proper,1
names,2
stem,1
eodlera,1
testimonial,1
wpbwog,1
ach,1
relieving,3
neuritis,3
lame,3
backs,3
neuralgia,3
clean,6
refreshing,3
soothing,3
sloan's,2
druggist,3
italy:usa,3
respirator,1
respirators,1
attack,4
austrians,1
crossed,1
shells,2
italians,2
usa::women,2
mads,1
gct,1
mad,1
swine,1
unused,1
pasture,1
roughage,1
weeds,1
seed,3
produce,1
mutton,1
census,1
figures,3
decline,1
lesser,1
scattered,2
tells,1
answer,1
partin,2
disappointed,1
fin,1
paltry,1
chest,3
relieved,1
discover,1
key,1
parchment,1
treasure,1
hidden,1
bax-ente,1
locket,1
chain,2
govs,1
posing,1
gains,1
admittance,2
chateau,1
chaux,1
secret,1
vault,1
finds,2
immense,2
fortune,2
gems,1
rare,2
pictures,3
haver,1
agi,1
bonham's,1
"a,riva",1
troupe,1
motors,1
parched,1
ate,1
truck,2
happened,1
"in,k",1
nought,1
tractor,2
nix-thond,1
mile,1
tour,1
suspicious,1
loaded,1
bottoms,1
convjncos,1
toe,1
plowing,1
pailvvrimng,1
rjy,1
hag,1
tkp,1
grid's,1
adventures,1
dxrec,1
usa:japan,5
hongwanjl,1
kioto,1
arc,3
preserved,1
twenty-nine,2
ropes,1
hair,5
voluntary,1
offerings,1
dependent,2
maintenance,1
industries,6
livelihood,1
tariff,2
tbi,1
products,4
well-entrenched,1
crush,1
enterprises,1
surely,1
succeeds,2
compensating,1
prohibitive,1
tliere,1
remotest,1
probability,1
lowered,1
realize,1
crerar-wootl,1
fallacy,1
casting,1
votes,1
nmn.'and,1
pulled,1
goesv,1
th.x,1
nnj,1
fulks,1
arouse,1
despairing,1
mme,1
kaji,1
yajima,1
lowing,1
novelty,1
scent,1
confusion,1
tragic,2
eat,1
liar-j,1
peari,1
horticultural,1
weet,1
forests,2
touched,1
rand,1
he-employment,1
created,1
f&lcmul,1
wood-using,1
cabin,1
sure,2
continuity,1
clasees,1
gifford,1
plnchot,1
orderly,2
authority,1
registered,2
procession,1
winnipeg,1
leaving,1
estimate,3
consuming,1
possibilities,1
sixty-nine,1
gallons,1
nil,2
gasoline,2
expenditure,1
approximately,2
consumed,1
crders,2
buckwheat,2
amis,1
tie,1
pleasure,3
november,1
hod,1
collection,2
stories,2
features,1
aoutib,1
international,5
boundary,1
motorists,1
host,1
bison,1
plaint,1
indiana,2
holocaust,1
tasting,1
deed,1
smell,2
organs,1
con-in,1
enumer,1
vey,1
ated,1
tastes,1
elapsed,3
efforts,1
link,3
mllea,1
snap,1
attempts,1
picking,1
futile,1
subsequently,1
older,3
spliced,1
seventies,1
cables,1
thanks,1
dangerous,1
species,1
tiger,1
fiercest,1
kills,1
peasants,1
siberia,1
ravages,1
wolves,1
"usa::""five",1
propped,1
spruce,2
pine,1
fir,2
woods,5
play,2
renegade,1
buslneogof,1
starting,1
faced,3
exodus-ff,1
effort,3
fail,2
forestry,1
guide,1
flv,1
regularly,2
listed,1
criminals,1
succeed,1
unknown,3
percentage,1
failures,1
latest,1
crooks,1
refused,2
shaves,1
fhe,1
razor,1
ha/j,1
teeth,2
manufacturer,1
insure,1
shaving,1
separation,1
well-planned,1
farmyard,1
hedge,1
evergreens,1
simplest,1
heaven,2
informal,1
border,3
saylng-ta,1
salisbury,1
heap,1
ruins,2
composed,2
sarum,3
rotten,2
boro,2
romans,2
bishop's,1
castle,1
reduced,1
everybody,1
departed,1
caledon,1
newborn,1
babe,1
territories,1
yukon,1
pÃ¨clally,1
buffalo,1
yearly,1
regulate,1
bowels,2
unfenced,1
twenty-seven,1
elglish,1
stomach,2
pure,2
herd,1
rpcord,1
varies,1
gun,1
straight,1
heart,1
music,2
simply,1
barges,1
treadmill,1
invented,1
prisons,2
mode,1
punishment,1
crect-xi,1
brixton,1
jail,1
afterward,1
fell,2
lieuse,1
usa::not,1
alx,1
elx,1
dol,1
megn,1
pliysloal,1
baa,1
hawkesbury,1
individual,2
producer,1
successful,5
buckley,1
mixture,1
procurable,1
forms,2
modified,1
acts,1
coughs,1
colds,1
bronchitis,1
affections,1
positive,1
instant,1
dose,1
coughing,1
ingenious,1
encouraging,1
learn,4
englkh,1
radio,8
franÃ§aise,1
radiophonie,1
language,3
llertnain,1
llangcst,1
lycee,1
condorcet,1
well-known,1
twice,2
ilia,1
lessons,1
listen,1
pupils,2
counted,1
stimulus,1
seriously,1
mastery,1
tongue,1
stronger,1
announcers,2
whsti,1
oor,1
happens,1
reel,1
correct,1
announcer,1
australian,1
addresses,1
muaaollnls,1
prpnuncla,1
audience,1
committee,4
ills,2
ejiglita,1
sing-i,1
permit,1
dom,1
somgy,1
escarre,1
affectations,1
inoer,1
modem,1
oxford,2
rath,1
stations,2
nearer,2
harvard,2
talks,1
sheer,1
weight,3
ease,1
elegance,1
rarely,2
stumb,1
speakers,2
rug,1
phrase,1
speaks,1
distinctly,1
tbs,2
over-clarity,1
thorns,1
tsage,1
tired,1
broadcasting,1
day's,1
l.kely,1
centralised,1
bars,1
distinguished,1
bridges,1
a*d,1
aooompliahed,1
visitor,2
bsplde,1
hearth,1
ook,1
hls,1
laur,1
energetic,1
e*s,1
flne,1
apj)etjte,1
tic,1
subsisted,1
ent,1
well-trained,2
tuners,1
seal,1
pianos,1
silent,1
sgrliultural,1
lra:le,1
treaty,1
advertising,1
effected,1
toured,1
republic,1
thorough,1
exhibiting,1
sixes,1
elevate,1
approach,1
balance,1
male,1
purchases,2
reprÃ©,1
senta,1
tagne's,1
experience,1
tested,1
rold,1
baby's,1
purchasing,4
ablets,1
uttle,1
regu-the,1
dominion's,1
re-repnhlkr,1
paving,1
minor,2
periods,1
ending,1
respectively,1
medlclne,1
dealer,1
mall,1
cts,1
medl-pcxlods,1
canada's,1
bales,1
cin.e,1
tirockvllle,1
hgmghhhghggmh,1
domestic,3
fowl,1
breeding,1
largely,1
personal,2
financial,1
exhibits,1
outstanding,1
example,2
patriotic,1
philanthropic,1
keenly,1
interest-j,1
attended,1
delegates,2
seeing,2
produces,1
over-crowded,1
agricultural,1
out-double-tracking,1
welland,1
junction,1
yearv,1
patrol,1
pected,1
burwash,1
compart,1
pltie,1
police,4
islands,2
arctic,4
archipelago,1
dog,2
teams,1
posts,1
sub-district,2
beothlc,1
provisions,1
rugs,1
decorated,1
magazines,1
unholstered,1
chair,1
astound,1
ged,1
fringe,1
tidy,1
bits,1
drape,1
transplanting,1
hea,1
pot,2
tea,1
cakes,1
announced,1
captain,1
tennis,1
he'll,1
standards,2
cor,1
cleanliness,1
sports,2
clothes,2
bath,1
beer,1
genital,1
aristocracy,1
bushman,1
wer,1
equatorial,1
africa,6
dinner,1
devotees,1
wboj,1
noted,3
refresh,1
crisp,1
invigorating,1
wide,1
range,1
gospel,1
recreation,1
sexes,1
ages,5
spaces,1
spreading,2
favored,1
climes,1
sees,1
growing,2
benefit,1
enjoyment,1
hockey,1
fast,1
strenuous,1
game,2
played,1
referred,1
cists,1
experiments,1
mini,1
proclamation,1
fra,1
kan,1
cosmic,1
rays,1
performed,1
ternity,1
andes,1
evangelical,1
principles.-foreign,1
zaleski,1
poland,2
medici,1
rnn,1
addressing,1
shareholders,1
pointed,1
incurred,1
investors,1
reason,2
forward,1
moderate,1
recession,1
usa:russia,3
tadjiks,3
basmach,1
devastated,1
fled,1
afghanistan,2
consists,2
emigration,1
troubled,1
prevailed,1
holland:usa,1
canals,2
thickly,1
populated,1
waterways,1
dlo,1
boats,2
bo-bles,1
born,1
fhem,1
tny,1
hom,1
typical,1
boat,1
cargo,1
stern,1
constantly,1
ibout,1
olace,1
hamburg,1
inventors,1
hungered,1
poets,1
interpreting,1
longings,1
humanity,1
hunger,1
beckoning,1
pell,1
drake,1
champlain,1
livingstone,1
kipling,1
sings,1
trail,2
gypsy,1
voiced,1
songs,1
check-ako,1
sourdough,1
chanted,1
lennox,1
sloane,1
oklahoma,1
motored,1
spent,4
mcgowan,1
triumphal,1
christ,1
jerlem,2
passover,1
feast,1
depicted,1
famous,3
passion,2
oberammergau,1
fish,1
giant,1
mackerel,2
commonly,1
horse,1
miscalled,1
albacore,2
tuna,2
reaching,1
fishery,1
frequently,1
weigh,2
iio\v,1
simpler,1
undergo,1
simple,3
quarantined,1
diphtheria,2
marvellous,1
substance,1
disposal,3
parent,1
parents,1
insist,1
protecting,1
wiped,1
heveey,1
university,3
freiburg,1
concluded,1
review,1
age,3
earth,4
geo.'ge,1
chemistry,1
published,2
scientific,2
periodical,1
previous,1
students,1
hevesy,2
disintegration,1
radioactive,2
chemical,1
elements,2
mineral,1
tvrn,1
billion,3
planet,2
cruit,1
solid,1
limerecording,1
deposited,1
accordingly,1
extended,1
calculations,3
material,4
obtaining,2
figure,1
b.llion,1
ball,2
white-hot,1
drawn,1
universe,1
astronomical,1
indicate,1
hasn,1
batlr,1
constable,1
typist,1
overfast,1
illinois,1
maid,1
stone's,1
throw,1
rushes,1
forming,1
lovely,1
grey,1
upper,1
overhanging,1
turbid,1
joining,1
magnificent,1
clreds,1
convincing,1
demonstation,1
possibility,1
uniting,1
beauty,2
efficiency,1
stand-among,1
meadows,1
totall.v,1
mountains,2
pone,1
exceeds,1
fee,1
precipitous,1
anil,1
skilfully,1
grouped,1
convey,1
impression,2
gieater,1
altitude,1
scene,1
unsurpassable,1
slopes,1
heathei,1
bracken,1
valleys,1
tween,1
densely,1
wooded,2
birch,1
oak,1
tlm,1
amphi,1
theatre,1
wholly,1
concealed,1
i)ee,1
enters,1
wider,1
proceeds,1
leisurely,1
fashion,1
wards,1
plains,1
running,1
snow,1
intermediate,1
establishment,1
hit,1
limit-generally,1
gne,1
stieet,1
appeal,1
strongly,1
vdle,1
wildcats,2
gaums,1
damaged,1
blooded,1
cana,1
wero,1
staged,1
ice,2
oil,4
tliii,1
dol-diau,1
rcgartu,1
t.oul,1
mars,1
eaily,1
lire,1
corded,1
occupants,1
allien,1
job,1
overlap,1
atwood,1
round,1
winning,1
attire,1
wlmt,1
prat,1
iced,1
tlio,1
threatened,1
imhl,1
quarters,1
demen,1
church,3
entitled,1
luu,1
mettwurat,1
tithe-payers,1
ration,1
involuted,1
imagine,1
bangles,4
heavy,1
hearer,1
writes,2
corespondent,1
monitor,1
simla,2
tibetan,2
hillman,1
load,2
carrying,2
sack,2
bowed,1
thin,1
circlets,1
instances,1
manufactured,1
delight,1
wear,2
aro,1
shops,3
delhi,1
bright,2
wristlets,1
clustering,1
stores,1
admiring,1
dainty,1
husband,1
wares,1
mischief,1
jlx,1
falling,2
ard's,1
exactly,1
quality,1
income,2
k.c,1
practically,2
jurists,1
sacrificed,1
polities,1
solicitor-general,1
attorney-general,1
resignation,1
agree,1
compulsory,1
germany:russia,1
paintings,1
valued,1
exhibitions,1
tubes,1
consigned,1
bucharest,1
pump-fittings,1
masks,1
rushed,2
obstinate,1
spare,3
motor,2
stranded,1
consignments,1
day-old,1
chicks,3
hatching,1
eggs,1
rumania,1
destinations,2
fat,2
reducing,2
waited,1
chew,1
piece,1
lacey's,1
medicated,1
gum,1
meal,1
pound,2
unsightly,1
convenient,1
benefited,1
origin,2
obscure,1
title,3
merchants,1
amalfi,2
hospitallers,1
rapidly,2
military-religious,1
lay,1
confraternity,1
sovereign,1
rhodes,1
malta,2
knights,3
galleys,1
galleons,1
barbary,1
corsairs,1
sim,1
majority,2
rome,1
goldfish,1
midnight,1
dates,1
egyptians,1
babylonians,1
greeks,1
sunset,1
universal,1
overshadowed,1
splendor,1
preceding,2
learning,1
renaissance,1
ended,1
discovery,1
pandects,1
compilation,1
laws,1
writers,1
copies,1
tyndale,2
translation,1
testament,1
burned,3
ecclesiastical,1
paul's,1
assigned,1
tyndule,1
heretical,1
opinions,1
version,1
bible,1
heretic,1
rudyard,1
kipling's,1
welcome,2
authors,1
as-hit,1
celebrated,1
anglo-indian's,1
household,1
enthralled,1
puck,1
took's,1
owned,1
foaled,1
trained,1
dropped,3
a*d,1
bills,1
approved,2
incorporation,1
intends,1
gananoque,1
latent,1
sorts,1
farmer's,2
depleted,1
implements,1
necessities,1
can't,1
rehabilitated,1
interest,1
rehabilitate,1
farmer,1
vancouver,1
toy,2
scouts,1
inception,1
scout,1
collected,1
repaired,1
repainted,1
half-a-million,1
states:germany,1
sausages,1
ahead,1
identification,1
prints,1
cord,1
reserved,1
bureau,1
den,1
whoae,1
identity,1
obvi,1
hostesses,3
employ,1
ninety-seven,1
hostess,1
positions,2
airlines,1
nurses,1
foreign,2
aviation,1
unlovely,1
unattractive,1
displease,1
damage,1
primrose,1
paths,2
tread,1
amazing,1
worry,1
spaded,1
tilled,1
nfliny,1
pastimes,1
hive,1
claim,1
flower,1
shrubs,1
bologna,3
calls,1
sauge,1
travelers,1
salami,1
shogun,1
yoshim,1
dandle,1
dinmont,1
terrier,1
otter-die,1
fifteenth,1
flourishes,1
faithful,1
usa:italy,1
swallows,1
alps,1
airplane,1
fed,1
prevention,1
cruelty,1
poison,1
lui,1
official,2
packers,1
hotels,2
restaurants,1
stocking,1
tiie,1
visitors,1
amounting,1
decade,1
immigrants,1
opportunities,1
remember,1
posters,1
depots,2
screaming,1
harvesters,1
wanted,2
kitchener,1
howe,1
graduates,5
transatlantic,1
chancellor,2
hitler's,1
director,2
motion,1
lcni,1
rlefenstahl,1
accused,1
non-aryan,1
grandparents,1
fault,1
importance,1
nazis,2
stamping,1
intellectual,1
accusation,1
propaganda,2
goebbels,1
gathering,1
conjecture,1
hitler,4
thinks,1
action,2
wcl,1
actress,1
favourite,1
russia::the,1
expansion,1
difference,1
freed,1
mutual,1
embargo,1
amounts,1
spend,2
proclaim,1
idleness,1
embarking,1
campaign,3
conquest,1
strange,1
migrating,1
hack,1
e-land,1
hampshire,1
huts,1
pioneers,1
cultivation,2
encounter,1
who's,1
folk,1
turn,3
rubes,1
melodies,1
zeb,1
tur-new,1
premier,1
kingston,2
officially,1
stayed,1
honorary,1
degree,1
aws,1
photo,1
designers,1
suspension,1
span,1
collins,2
landing,2
wellesley,1
separate,1
spans,1
eight-and-a-half,1
approaches,1
connecting,1
roadways,1
comprising,1
panel,1
usa::seventeen,1
americans,2
shakespeare,1
birthplace,1
stratford-on-avon,1
usa::after,1
cast,1
irishmen,1
adrift,1
notes,1
writer,1
indianapolis,1
fenian,2
societies,1
so-named,1
gaelic,1
raid,1
disinterred,1
blasts,1
horn,1
madrid,2
volt,1
plana,1
green,1
richmond,1
joso,1
solve,1
problem,1
mess,1
unemployed,1
redeem,1
panhandling,1
advocate,1
mobbed,1
aad,1
parade,1
searching,1
loyalists,2
concentration,2
campa,1
reaffirmed,1
friendship,1
rome-berlin,1
axis,3
tribunals,1
executed,1
one's,1
temper,1
practical,2
facility,1
stamp,1
event,1
marines,2
civilians,1
familiar,1
strains,1
hymn,1
proclaims,1
valor,1
far-flung,1
battlefield,1
trips,1
tourist,2
benefiting,1
tourists,2
visti,1
confine,1
skeet,3
shooters,2
aim,1
amateur,1
donner,1
shotgun,1
soya,2
bean,4
uses,2
raw,1
automobile,1
electrical,1
appliance,1
enamel,1
plastics,1
anticipated,1
utility,1
oya,1
marketing,1
enlarged,1
kingdom,2
aircraft,2
including,2
engines,1
spares,1
australia,2
contribute,1
plan,2
excluding,1
initial,1
elementary,1
four-fifths,1
costs,1
administered,1
supervisory,1
representative,1
idyÃ§lrÃ§d,1
g/;eat,1
juÃ¿iÃ¯s,1
pilot,1
pilots,1
turned,2
actual,1
boards,1
centres,2
exact,1
sources,2
emphasis,1
wasted,1
sickness,1
preventable,1
stopped,1
rectified,1
man-power,1
defence,2
prosperous,1
modern,1
flin,1
flon,1
attractions,1
borealis,1
whale,1
hunting,1
whales,1
swim,1
twenty-five,1
hunt,1
twenty-foot,1
motor-driven,1
canoes,1
harpoons,1
thrown,1
germany::egypt,1
zeio,1
mussolini,1
hottest,1
ethiopia,1
pins,1
plus,1
grip,1
adriatic,1
duc,1
loosening,1
cope,1
serious,1
internal,1
unrest,1
increasing,1
intervention,1
submit,1
control,1
rapprochement,1
newly-signed,1
agreement,1
marshal,1
petain,1
refusal,1
constituted,1
defeats,1
serving,1
limit,1
crusade,2
risking,1
ultimate,1
disaster,2
collapse,1
myth,1
invincibility,1
cross,7
normal,1
mouth,1
dandruff,1
scalp,1
trouble,2
eradicated,1
agents,1
dept,1
japan:united,1
flnan,1
clal,1
geographical,1
allies,2
import,1
essentials,1
war-making,1
netherlands,2
operates,1
fishing,1
provides,1
protracted,1
canada::air,1
filers,1
alloat,1
buoyancy,1
suits,1
lining,1
lifepreserving,1
kapok,2
fust,1
assure,1
allied,2
airmen,2
jackets,1
floats,1
unci,1
williamson,1
controller,1
office,2
start,1
armada,1
luftwaffe's,1
consequently,1
manned,1
chiefly,1
youths,1
sweeps,1
occupied,1
bombers,1
flown,4
inside,1
daylight,1
factories,1
trailers,3
volume,1
swell,1
settlements,1
workers,6
design,1
conserve,1
asama-yama,1
treacherous,2
volcano,1
eruptions,1
lasting,1
flows,1
veins,1
fight,1
gifts,1
temperature,1
plasma,1
perfect,1
usa::the,1
barrage,2
balloons,2
spots,1
coasts,1
tools,1
fighing,1
decide,2
uorhing,1
sating,1
lending,1
haw,1
well-paid,1
noteworthy,1
eucc,1
usa::it,1
mammoth,1
handling,1
nad,1
parcels,1
addressees,1
letter,2
mail,2
destination,1
newfoundland,1
gibraltar,1
brockville,1
planes,3
isles,1
porte,1
reassembled,1
bases,1
dea,1
officer,2
jungle,1
fronts,1
courageously,1
nazi,3
abused,1
ruthless,1
hangmen/yet,1
murdered,1
forgotten,1
underground,1
symbol,1
resistance,2
oppression,1
youth,1
mohr,1
bat-bander,1
griffin,1
banded,1
bats,2
homing,1
urge,1
released,1
british-made,1
lend-lease,1
russia:united,1
natural,2
rubber,3
necessarily,1
synthetic,1
usable,1
purposes,1
dandelion,1
kok-saghyz,2
planted,1
quarter-acre,1
plots,1
experimental,3
abandoned,1
idle,1
exists,1
cleared,1
travels,1
newn-ham,1
aea,1
stromness,1
moose,1
indefatigable,1
portage,1
snow-shoes,1
visiting,3
outposts,1
missionary,1
diocese,1
moosonee,1
battleftelcv,1
salvage,1
maximum,1
sales,2
tomatoes,1
corn,1
tomato,1
juice,1
canner,2
establishes,1
sections,1
ceiling,1
industrial,1
canners,2
tyco,1
ncairfor,1
"a,v",1
vrklehye,1
brown,1
pipernh,1
tributes,1
grandchildren,1
elkin,1
geo,1
wcre,1
ieceived,1
chaos,1
pisa,1
emerge,1
pisan,1
saracens,1
conquered,1
pisans,2
halted,1
sicily,1
expelled,1
sardinia,1
corsica,1
mainland,1
inroads,1
engaging,1
militantly,1
commercially,1
crdes,1
establishing,1
warehouses,1
consuls,1
sawmill,1
power-edger,1
cutoff,1
cash,1
lumber,2
contact,1
zimmerman,1
manager,1
pinewood,1
pennington,1
birn-amwood,1
wisconsin,1
signals,1
essages,1
youngstown,1
ohio,1
uncle,1
hayes,1
relatives,1
continue,3
equipment,1
melchers,1
distilleries,1
manufacture,1
alcohol,1
ingredient,1
explosives,1
grenades,1
bombs,2
depth,1
globe,1
fit,1
g.s,1
incendiary,1
cascade,1
kobe,1
sixth,1
nippon,1
centers,1
torch,1
superfort,1
impact,1
fierce,1
clerks,1
taxi,1
drivers,1
harm,1
recruited,1
edmonton-whitehorse,1
snag,1
airplanes,1
stretching,1
uncovered,1
theft,1
involved,1
textiles,1
zenith,3
privacy,1
friends-to,1
club,1
satisfied,1
funded,1
andwitliout,1
guaranty,1
trust,1
bldg,1
join,3
opportunity,4
halrdressln,1
pleasant,2
dignified,2
wages,2
tern,1
catalogue,4
ha/j,2
amir,1
hussvini,1
mufti,1
jerusalei,1
exile,1
yr.ks,1
damascus,1
syria,1
a-british,1
plane,1
wartime,1
pal,1
broadcaster,1
moslem,1
worlo,1
sought,1
yugoslavs,1
amin,1
duded,1
capture,1
turning,1
captur,1
reappearance,1
repatriated,1
westward,1
southwi,1
intermittent,1
anti-semitic,1
terreir,1
outlaw,1
lra,1
ding,1
iinlrdrÂ«:jln,1
ptcaaant,1
mfled,1
wnge,1
america's,2
rem,1
ays-tem,1
pushing,1
gamble,1
aga'nst,1
keeping,1
prize,1
ports,2
hives,1
activity,1
marathon's,1
paper,1
mill,1
squats,1
bulk,1
tough,1
jackfish,1
coldwcll,1
greensided,1
cove,1
cornwall,1
steamers,1
athabaska,1
afloat,1
hardrock,1
brooding,1
pulp,1
railwayman,1
nightmare,1
singularly,1
canada:italy,1
extends,1
veterans,2
bcrib,1
boned,1
vets,1
embarkation,1
can-nov,1
transported,1
wearing,2
adian,1
spatched,1
immediate,1
placement,1
discharged,1
sailing,1
top,2
grocholski,1
naples,1
lawyer,1
civilian,1
gram,1
swiss,3
helps,1
youngsters,1
nationalities,1
regain,1
recuperative,1
vacations,1
resorts,1
charities,1
roving,1
team,1
forty-four,1
switzerland,1
languages,1
spoken,1
co-operation,1
democratic,1
freedom,2
pictured,1
ranking,1
usa::by,1
english-speaking,1
develop,1
potatoes,1
commodity,1
metric,1
exclusively,1
educational,1
potato,1
taste,1
yellow-fleshed,1
non-starchy,1
ausira,1
pullets,2
minorca,1
hens,1
hatched,1
prospects,1
rfplendid,1
brooder,1
wishing,1
cashing,1
nezt,1
egg,1
prompt,1
delivery,1
laying,1
notch,1
chick,1
guelph,1
renfrew,1
rutin,2
extra,2
extraction,1
grain,1
acreage,1
flour,1
livestock,1
feeding,1
smallest,1
jewist,1
populations,1
ght,1
sregg,1
labour,2
employment,1
operators,1
recruiting,1
resulted,1
migration,1
poles,1
seeking,1
security,1
leans,1
halrdreesltie,1
usa:holland,1
ensiled,1
plans,1
auction,1
usa::i*our,1
trv-viÃ¨,1
northwest,1
flooded,1
creeks,1
eaten,1
tripe,1
sticams,1
eventually,1
celebrate,1
hundredth,1
birth-v,1
madame,1
banker,1
battle,2
solferino,1
suit,1
casual,1
observe,1
removed,1
heat,1
observe,1
questioned,1
neutrality,1
wound,1
stirred,1
passions,1
profoundly,1
robbed,1
reputation,1
henri,4
dunant,3
dying,1
untended,1
inhumanities,1
subcribe,1
dunant's,1
mankind,1
regardless,1
madness,1
projects,1
branches,1
respected,1
federation,1
volunteer,1
supported,1
solely,1
gratuitous,1
contributions,1
mercv,1
serve,1
crippled,1
rude,1
apart,1
takes,1
countless,1
individuals,1
sustain,1
squadron,2
grocott,2
gro-x,1
cott,1
rca,1
monthly,1
trip,1
daugh,1
listener,1
cbc,1
tra,1
ns-can,1
coloring,1
basal,1
bullfrog,1
editor,1
equity,1
simonds,1
network,1
streams,1
b&g,1
cuckoo,1
broadcasts,1
encourage,1
listeners,1
chili,1
niagara,1
pointe,1
fox,1
teacher,1
brothers,1
gathered,1
crawford,1
lanark,1
ave,1
bid,1
fan,1
ell,1
patania,1
